{"properties":{"connectionReferences":{"shared_commondataservice":{"runtimeSource":"embedded","connection":{},"api":{"name":"shared_commondataservice"}},"shared_approvals":{"runtimeSource":"embedded","connection":{},"api":{"name":"shared_approvals"}},"shared_office365":{"runtimeSource":"embedded","connection":{},"api":{"name":"shared_office365"}}},"definition":{"$schema":"https://schema.management.azure.com/providers/Microsoft.Logic/schemas/2016-06-01/workflowdefinition.json#","contentVersion":"1.0.0.0","parameters":{"$connections":{"defaultValue":{},"type":"Object"},"$authentication":{"defaultValue":{},"type":"SecureObject"}},"triggers":{"When_a_record_is_created":{"type":"ApiConnectionWebhook","inputs":{"host":{"connection":{"name":"@parameters('$connections')['shared_commondataservice']['connectionId']"}},"body":{"NotificationUrl":"@{listCallbackUrl()}"},"path":"/datasets/@{encodeURIComponent(encodeURIComponent('default.cds'))}/tables/@{encodeURIComponent(encodeURIComponent('crf58_deviceorders'))}/onnewitemswebhook","queries":{"scope":"Organization"},"authentication":"@parameters('$authentication')"}}},"actions":{"Start_and_wait_for_an_approval":{"runAfter":{},"type":"ApiConnectionWebhook","inputs":{"host":{"connection":{"name":"@parameters('$connections')['shared_approvals']['connectionId']"}},"body":{"notificationUrl":"@{listCallbackUrl()}","title":"New device request for @{triggerBody()?['crf58_name']}","assignedTo":"@triggerBody()?['crf58_approver']","details":"A new device has been requested $\n@{triggerBody()?['crf58_name']} $@{triggerBody()?['crf58_price']}\nDepartment Contribution $@{triggerBody()?['crf58_departmentcontribution']}\nComments: @{triggerBody()?['crf58_comments']}","requestor":"@triggerBody()?['crf58_requestedby']","enableNotifications":true,"enableReassignment":true},"path":"/types/@{encodeURIComponent('Basic')}/subscriptions","authentication":"@parameters('$authentication')"}},"Condition":{"actions":{"Update_a_record":{"runAfter":{},"type":"ApiConnection","inputs":{"host":{"connection":{"name":"@parameters('$connections')['shared_commondataservice']['connectionId']"}},"method":"patch","body":{"crf58_approvalstatus":212240000,"crf58_approveddate":"@{utcNow()}","crf58_comments":"@triggerBody()?['crf58_comments']","_ownerid_type":""},"path":"/v2/datasets/@{encodeURIComponent(encodeURIComponent('default.cds'))}/tables/@{encodeURIComponent(encodeURIComponent('crf58_deviceorders'))}/items/@{encodeURIComponent(encodeURIComponent(triggerBody()?['crf58_deviceorderid']))}","authentication":"@parameters('$authentication')"}},"Send_an_email_(V2)":{"runAfter":{"Update_a_record":["Succeeded"]},"type":"ApiConnection","inputs":{"host":{"connection":{"name":"@parameters('$connections')['shared_office365']['connectionId']"}},"method":"post","body":{"To":"@triggerBody()?['crf58_requestedby']","Subject":"Your device order has been approved! ","Body":"Your device has been approved <b>@{triggerBody()?['crf58_name']}</b></br> Estimated Ship Date: @{body('Update_a_record')?['crf58_estimatedshipdate']}</br>\n\n@{body('Start_and_wait_for_an_approval')?['responseSummary']}\n"},"path":"/v2/Mail","authentication":"@parameters('$authentication')"}}},"runAfter":{"Start_and_wait_for_an_approval":["Succeeded"]},"else":{"actions":{"Update_a_record_2":{"runAfter":{},"type":"ApiConnection","inputs":{"host":{"connection":{"name":"@parameters('$connections')['shared_commondataservice']['connectionId']"}},"method":"patch","body":{"crf58_approvalstatus":212240001,"_ownerid_type":""},"path":"/v2/datasets/@{encodeURIComponent(encodeURIComponent('default.cds'))}/tables/@{encodeURIComponent(encodeURIComponent('crf58_deviceorders'))}/items/@{encodeURIComponent(encodeURIComponent(triggerBody()?['crf58_deviceorderid']))}","authentication":"@parameters('$authentication')"}},"Send_an_email_(V2)_2":{"runAfter":{"Update_a_record_2":["Succeeded"]},"type":"ApiConnection","inputs":{"host":{"connection":{"name":"@parameters('$connections')['shared_office365']['connectionId']"}},"method":"post","body":{"To":"@triggerBody()?['crf58_requestedby']","Subject":"Your device was not approved","Body":"<p>Sorry, &nbsp;your request for @{triggerBody()?['crf58_name']} was NOT APPROVED. <br>\n@{body('Start_and_wait_for_an_approval')?['responseSummary']}</p>"},"path":"/v2/Mail","authentication":"@parameters('$authentication')"}}}},"expression":{"equals":["@body('Start_and_wait_for_an_approval')?['outcome']","Approve"]},"type":"If"}}}},"schemaVersion":"1.0.0.0"}