{"schemaVersion":"1.0","appDefinitionTemplate":{"id":"/providers/Microsoft.PowerApps/apps/","type":"Microsoft.PowerApps/apps","tags":{"primaryDeviceWidth":"1366","primaryDeviceHeight":"768","sienaVersion":"20200717T212414Z-3.20065.16.0","deviceCapabilities":"","supportsPortrait":"false","supportsLandscape":"true","primaryFormFactor":"Tablet","publisherVersion":"3.20065.16","minimumRequiredApiVersion":"2.2.0","hasComponent":"false","hasUnlockedComponent":"false","isUnifiedRootApp":"false"},"properties":{"appVersion":"2020-07-17T21:24:14Z","lifeCycleId":"Published","createdByClientVersion":{"major":3,"minor":20065,"build":16,"revision":0,"majorRevision":0,"minorRevision":0},"minClientVersion":{"major":3,"minor":20065,"build":16,"revision":0,"majorRevision":0,"minorRevision":0},"backgroundColor":"rgba(0, 176, 240, 1)","backgroundImageUri":"/490539280453873152/Nac0f14b1-0fe9-4115-bb5a-2b1c6d72a954-logoSmallFile","displayName":"Device Ordering App","description":"","commitMessage":"","appUris":{"documentUri":{"value":"/490539280453873152/Nec2b4995-3e8c-422c-88c7-3218c0ec4e0d-document.msapp","readonlyValue":"/490539280453873152/Nec2b4995-3e8c-422c-88c7-3218c0ec4e0d-document.msapp"},"imageUris":[]},"createdTime":"0001-01-01T00:00:00Z","lastModifiedTime":"0001-01-01T00:00:00Z","sharedGroupsCount":0,"sharedUsersCount":0,"icons":{"smallIconUri":"/490539280453873152/N3dcd00d2-c399-4bff-9a92-be7faacf576c-small.png","mediumIconUri":"/490539280453873152/Ne223ad83-4be0-464f-8a9b-fb87e164d17a-medium.png","largeIconUri":"/490539280453873152/N57bc6e29-b30e-4588-b98c-f23b85d8636b-large.png","wideIconUri":"/490539280453873152/N17440a42-7161-4b46-896b-0defc2e8b9e3-wide.png"},"connectionReferences":{},"databaseReferences":{},"almMode":"Solution","performanceOptimizationEnabled":true,"canConsumeAppPass":true},"isAppComponentLibrary":false,"appType":"ClassicCanvasApp","appComponents":[]}}